average_rating,  num_pages
3.59,501
4.27,366
3.8,277
3.89,736
4.56,435
4.42,341
4.49,870
4.36,398
3.93,122
4.57,652
3.68,182
3.74,368
4.25,375
3.87,103
3.84,489
3.86,197
4.13,208
4.37,552
4.07,449
4.12,532
3.55,368
4.11,434
4.17,184
4.09,335
3.99,288
4.09,214
3.88,226
3.82,327
4.05,302
4.07,275
4.29,1037
4.07,423
4.22,659
3.96,233
4.27,288
3.98,207
3.99,488
4.13,331
3.76,541
4.08,272
3.74,432
4.26,456
4.23,850
3.91,244
4.25,1276
4.41,969
3.97,301
4.24,279
3.97,320
4.26,264
4.25,320
4.06,546
3.4,279
4.02,289
3.97,241
3.64,368
4.44,322
3.9,249
3.92,288
4.13,176
4.17,240
4,474
4.31,240
4.01,76
4,529
3.67,401
3.93,196
3.86,425
4.03,276
4.21,671
4.17,336
3.85,322
4.02,480
4.2,295
4.14,249
3.93,296
3.99,342
4.1,372
4.16,370
3.99,447
4.13,291
4.06,162
3.8,306
4.19,218
4.11,635
4.07,239
3.82,288
4.01,342
4.11,449
4.02,566
4,483
4.03,92
3.98,232
4.17,368
4.16,244
4.34,176
4.26,496
4.17,370
4,400
4.12,311
3.98,326
3.84,374
4.01,146
3.91,348
3.88,563
3.69,1168
3.42,188
3.83,311
3.8,96
4.06,397
3.96,446
4.07,269
3.96,481
3.88,465
3.58,143
3.86,683
4.08,248
3.95,222
4.06,751
4.36,165
3.83,324
4.11,503
4.28,32
3.86,172
3.89,314
3.87,704
4.12,440
3.72,208
3.72,376
4.08,424
4.35,72
4.2,393
3.99,128
3.98,576
3.92,528
3.98,358
4.38,815
4.1,320
4.03,296
4.21,544
4.01,512
4.32,191
3.96,406
4.17,212
4,228
4.2,242
4.19,224
4.09,467
4.04,348
3.97,273
3.98,107
3.83,404
4.25,296
4.1,559
3.97,446
4.02,376
4.14,467
4.32,743
3.91,219
3.93,352
3.78,283
4.08,176
3.99,291
4.11,1392
3.85,370
3.67,320
3.96,245
3.78,235
3.86,356
4.44,592
3.65,515
4.13,836
4.34,159
3.89,327
4.18,198
3.96,342
3.98,418
4.39,870
3.71,432
3.9,374
3.82,192
3.99,121
3.57,306
3.81,140
4.02,342
3.93,338
4.32,796
4.11,256
4.07,382
3.74,399
3.79,403
3.83,342
4.18,72
4.03,438
4.08,445
4.05,512
4.23,127
4.25,624
4.07,312
4.38,821
4.23,441
4.24,679
3.77,411
3.79,194
3.57,208
4.43,195
4.23,463
4.24,233
4.14,503
3.49,504
3.63,240
3.98,255
4.08,729
3.98,201
4.07,386
4.2,224
3.92,386
3.77,540
4.18,639
4.01,335
4.03,345
4.29,329
3.87,1023
3.46,96
4.13,229
3.68,485
4.07,481
4.17,168
4.35,464
3.71,320
4.11,352
3.91,338
3.99,352
3.77,384
3.94,419
4.24,1007
4.15,400
4.16,229
3.99,197
4.13,160
4.28,400
4.24,422
4.17,322
4.45,448
3.59,442
4.25,153
3.98,405
3.88,394
4.04,267
4.02,182
4.35,880
3.7,75
3.72,340
4,510
4.22,200
4.19,528
3.68,128
3.98,272
3.9,390
3.94,416
3.63,688
3.7,310
4.25,444
4.09,369
4.28,916
3.79,653
4.31,469
3.82,240
4.03,216
3.7,210
3.55,368
4.15,198
4.17,289
4.16,340
4.27,1443
3.91,119
3.79,352
4.35,560
3.75,375
4.18,931
4.06,498
3.99,276
4.22,256
4.1,482
4.03,341
4.15,321
4.16,32
4.1,144
3.89,448
4.05,288
3.89,227
4.01,358
4.14,309
3.97,232
3.79,592
3.98,252
3.97,128
4.26,256
3.82,890
4.17,313
4.1,351
3.51,332
4.22,224
4.02,355
4.13,461
4.44,32
4.1,197
3.82,453
4.11,675
4.16,912
3.87,464
4.19,198
4.36,603
4.55,296
4.5,192
3.63,105
4.07,357
3.79,359
3.74,335
3.77,469
3.92,255
4.03,228
3.64,192
4.18,416
4.05,960
4.13,1011
4.19,336
4.15,278
3.5,416
3.99,387
3.61,329
4,672
4.11,326
3.86,240
4.04,880
4.28,391
3.61,356
4.3,480
4.44,980
3.99,267
3.94,433
4.16,337
4.01,231
4.15,409
4.24,288
3.79,867
3.77,448
4.17,326
4.59,1728
4.26,274
3.88,434
3.76,387
4.04,416
3.96,96
4.43,2088
4.1,705
3.91,432
3.88,331
3.92,416
3.91,374
4.05,306
4.23,818
3.96,612
3.9,243
4.04,181
4.11,370
4.17,320
3.78,407
4.11,370
4.18,667
4.09,167
4.17,288
3.91,169
4.09,291
3.85,207
4.16,321
4.43,517
3.79,232
3.97,277
3.92,635
4.17,405
4.07,387
3.83,384
4.18,64
3.86,535
4.18,320
4,444
4.12,352
4.11,1207
3.68,616
4.28,160
3.81,427
3.98,647
3.84,442
3.73,454
3.45,368
4,324
3.69,426
3.94,780
4.07,261
4.22,376
4.07,798
4.04,370
4.05,592
4.34,608
4.12,352
3.82,292
4.13,56
4.26,317
4.07,639
3.76,370
4.24,111
4.12,504
4.25,594
4.15,530
3.92,239
4.05,96
4.29,400
4.25,1139
4.04,192
4.43,432
4.15,310
4.15,144
4.15,405
3.91,324
4.14,112
3.7,191
4.16,336
4.01,1017
4.12,259
4.05,436
4,351
4.04,400
3.52,304
3.83,229
3.98,703
3.59,419
4.17,320
4.02,368
4.24,264
3.98,359
4.03,293
3.9,82
4.26,194
4.23,303
4.19,320
3.66,388
3.73,384
3.74,345
3.88,288
3.55,288
3.99,504
3.7,410
3.84,356
3.74,368
4.06,337
4.06,126
3.75,541
3.95,182
4.26,562
4.17,485
4.09,180
3.97,605
4.13,265
4.16,302
4.07,335
4.28,384
3.78,422
3.87,278
3.73,153
4.19,374
4.18,233
4.12,1120
3.76,564
4.32,433
3.83,208
4.19,499
3.75,348
3.57,208
3.64,322
4.25,488
4.02,219
3.91,250
4.2,404
3.97,120
4.01,252
3.91,213
4.35,544
4.17,336
3.95,351
3.95,353
3.87,518
3.81,400
3.82,204
3.13,368
3.8,465
3.68,276
3.7,384
4.06,307
4.12,301
3.4,448
4.18,757
3.82,434
4.14,422
3.83,389
3.9,648
4.01,416
4.37,200
4.36,688
4.2,1136
4.03,452
3.46,289
4.14,288
4.16,475
4.04,227
3.78,520
3.95,451
4.04,436
3.42,368
3.61,262
3.71,183
4,343
3.42,352
4.15,14
4.2,510
3.99,190
4.22,387
4.22,282
4.12,352
4.08,252
4.05,256
4.21,333
4.44,232
3.85,328
4.01,384
4.09,288
4.28,352
4.05,288
3.98,437
4.11,479
4.05,356
3.89,555
4.11,704
4.07,448
3.83,263
3.81,384
4.06,240
3.73,272
4.03,258
4.32,362
3.78,797
4.12,358
3.97,364
3.84,220
3.83,338
3.95,567
3.94,448
3.78,464
4.18,452
4.11,336
3.69,309
4.17,341
4.23,432
4.29,501
3.84,185
4,544
3.91,528
3.74,398
3.87,190
4.13,368
3.5,431
3.76,457
3.68,513
4.09,344
3.57,336
3.69,384
4.08,392
3.93,224
3.96,466
4.22,374
4.43,32
3.08,288
4.09,483
4.05,351
4.24,187
3.69,152
4.19,356
4.15,581
4.08,422
4.08,214
3.95,467
3.69,304
4.02,541
3.72,281
3.96,672
3.58,208
3.88,324
3.87,320
3.68,376
4.07,160
4.02,134
4.05,418
3.81,320
3.95,578
4.29,252
3.38,420
3.92,256
4.06,192
3.96,207
4.04,1556
3.96,246
3.9,316
4.25,342
3.52,224
3.78,286
3.68,120
3.98,364
3.7,272
3.65,400
4.26,453
4.14,548
4.09,418
4.13,182
4.08,272
4.18,750
4.13,208
3.53,372
3.99,368
3.73,445
4.17,400
4.04,147
4.19,128
4,168
3.45,356
4.04,365
3.86,460
3.81,371
3.99,210
3.71,414
3.68,318
4.05,725
3.94,300
3.94,396
3.66,208
3.93,320
3.63,289
3.97,152
3.93,608
3.86,291
3.47,352
4,461
4.1,331
3.82,360
4.1,216
4.03,722
3.96,400
4.3,352
3.84,454
3.9,520
4.54,217
4.42,61
4.15,144
4.32,448
4.36,442
4.27,459
3.74,484
4.04,393
3.97,348
3.73,192
4.29,358
3.96,244
3.9,644
3.86,400
4.06,384
3.92,289
3.9,304
3.75,280
4.63,208
4.18,192
3.51,288
4.08,240
3.73,181
4.16,128
3.94,248
3.86,254
4.01,240
4.05,723
3.93,327
4,393
4.25,253
4.33,456
3.93,174
3.94,507
4.29,510
3.61,205
3.99,464
3.78,432
4.25,231
3.97,192
4.09,439
3.72,164
4.37,896
4.04,390
3.92,432
3.95,256
3.83,208
4.32,347
4.12,401
4.09,224
4.22,789
3.89,623
3.85,191
4.01,688
3.54,369
3.49,198
4.28,956
4.14,321
4.27,293
4.05,500
4.04,383
3.91,240
4.19,382
3.62,178
4.07,357
3.83,299
3.67,149
3.97,259
4,360
3.8,64
3.53,135
3.86,471
4.08,448
4.1,176
4.27,468
3.76,366
3.9,400
3.81,736
3.96,451
4,447
4.22,218
4.21,344
4.27,336
3.71,441
3.85,529
3.89,308
4.27,453
3.77,640
4.43,192
3.69,336
4.09,288
3.93,416
4.06,522
4.09,240
3.63,399
3.91,243
4.14,399
4.13,393
3.87,228
4.24,325
3.99,400
3.58,400
3.83,328
3.98,320
4.14,296
3.79,579
4,419
3.79,722
4.04,640
4.01,169
4.78,2690
4.21,592
3.52,353
4.17,606
4.09,912
4.45,263
4.11,256
3.96,288
4.03,240
4.24,192
3.57,515
4.06,368
3.95,256
4.03,704
4.14,240
3.63,245
4.16,275
4.02,304
4.15,644
4.06,297
3.6,453
3.8,400
4.06,1273
4.07,577
4.05,990
3.9,240
4.09,210
3.63,654
4.27,734
3.99,1021
3.81,186
3.87,460
3.93,356
3.91,436
4.29,432
4.23,906
4.29,320
4,704
3.69,137
4.15,592
3.99,587
4.1,339
4.17,563
3.89,185
4.11,197
3.94,160
4.19,104
3.84,368
4.05,656
4.04,192
4.19,555
4.03,224
4.05,176
3.93,290
3.92,422
4.3,70
3.7,320
4.16,64
4.09,608
3.97,180
4.01,383
4.13,684
3.41,496
3.6,273
4.15,468
4.01,308
4,391
3.88,304
3.83,256
3.72,368
3.93,364
4.18,633
4.21,958
4.52,191
3.82,401
4.23,780
4.03,368
4.18,709
4.47,160
4.17,432
3.81,246
3.97,220
3.94,403
4.12,405
3.85,992
4.03,592
3.72,128
3.93,352
3.43,208
3.99,528
4.26,400
3.81,528
4.1,432
4,497
4.11,320
4.12,358
3.73,370
4.04,422
3.75,321
3.52,339
3.68,283
3.91,360
3.88,294
3.72,294
3.98,160
4.28,288
4.3,1080
3.77,288
4.14,222
4.35,304
3.99,716
3.82,219
4.14,170
4.25,629
3.8,264
3.83,528
4.02,438
4.07,66
4.18,928
4.07,160
3.83,406
4.24,768
4.28,49
4.24,224
4.26,270
4.18,454
4.1,384
3.74,272
4.13,419
3.71,224
4.08,520
3.81,496
4.13,458
3.77,391
3.98,288
4.08,323
3.98,227
3.92,320
3.83,357
4.04,78
4.23,343
4.13,190
4.21,369
3.9,299
4.23,132
4.07,425
4.15,246
3.7,368
3.95,518
3.71,514
4.06,608
4.01,464
4.16,557
4.82,1456
4.07,179
3.99,336
3.99,286
4.06,348
3.77,467
3.71,436
3.9,324
4.07,769
4.1,375
4.01,224
3.71,138
4,448
4.16,368
3.87,461
4.12,62
4.16,435
3.94,257
3.87,288
4.19,362
4.14,320
3.85,405
4.1,96
3.93,927
3.62,464
3.63,245
3.85,132
3.9,417
3.7,463
4.06,224
3.84,413
4.14,492
3.58,311
4.17,316
4.08,174
4.14,288
4.14,232
4.12,304
4.09,80
3.93,512
3.97,378
3.83,215
3.94,160
3.96,530
4.29,650
3.43,130
3.89,398
4.11,723
3.92,187
3.93,348
3.82,386
4.13,432
3.79,301
4.01,776
3.83,388
4.25,80
4.15,216
3.86,448
4.41,1042
3.97,384
4.19,314
4.36,702
4.18,1083
3.7,198
4.05,256
3.76,156
3.87,304
3.7,389
4.32,187
3.77,168
3.95,282
4.15,304
3.62,374
4.06,380
4.2,14
3.94,416
3.74,247
4.41,24
4.15,256
4.06,576
4.02,335
4.07,385
3.93,270
4.37,387
3.94,296
4.16,431
3.67,304
3.89,126
4.35,258
4.73,3342
4.15,389
4.05,134
4.06,409
4.07,243
4.14,368
4.05,128
3.28,280
3.89,752
3.91,378
3.89,835
3.86,384
4.15,274
4.02,355
4.25,353
3.2,346
3.8,325
3.66,259
4.31,709
3.83,344
4.16,385
3.93,512
4.34,288
4.08,21
3.94,383
4.13,454
4.35,467
4.04,212
3.96,448
3.99,512
4.01,476
4.21,238
3.82,274
4.16,375
4.18,564
4.31,406
4.49,709
3.91,159
3.91,204
3.43,472
3.94,368
4.04,416
4.01,176
4.35,238
4.19,720
3.75,272
4.18,240
4.16,208
3.96,336
4.17,176
4.22,379
3.81,245
3.93,250
3.62,355
3.85,307
4.08,58
4.07,400
4.59,192
4.11,160
3.94,281
3.94,335
4.29,231
3.84,384
3.66,304
4.05,658
4.19,444
3.78,401
3.63,401
4.3,136
4.09,436
3.88,197
4.43,197
4.19,500
4.07,144
4,222
3.74,275
3.88,384
3.8,352
3.85,265
3.31,368
4.38,384
3.92,324
3.81,421
3.88,234
4.09,754
4.23,448
4.08,422
3.23,450
4.16,452
4.02,241
4.33,160
4.15,321
4.32,310
3.67,416
3.94,55
4.11,558
3.88,224
3.86,267
4.24,356
4.04,276
4.03,445
3.97,144
4.09,407
4.17,186
3.71,103
4.18,304
3.74,320
3.7,404
3.32,178
4.16,384
3.95,419
4.25,202
3.85,322
3.58,410
4.15,369
4.28,112
4.16,217
3.76,420
4.17,152
4.33,608
3.76,389
4.27,113
3.87,288
4.26,939
4.08,44
4.47,1059
4.22,176
3.71,238
3.85,208
3.66,401
4.76,176
3.41,432
3.88,263
3.94,329
3.92,246
3.87,231
3.68,453
3.94,796
3.68,67
3.9,276
4.08,12
3.9,422
3.72,219
4.22,216
2.82,256
4.1,296
3.96,688
4.09,359
3.8,317
3.78,403
3.91,464
3.69,165
3.8,116
4.13,592
4.37,720
4.35,867
3.65,511
4.12,445
3.84,384
3.67,640
4.19,471
4.24,383
3.63,352
4.18,507
3.84,333
4.15,256
3.98,304
3.96,549
4.41,448
3.76,216
3.7,142
3.76,493
3.63,820
4.43,200
3.77,290
4.21,349
4.01,224
3.87,240
4.06,256
4.07,801
3.89,275
3.62,233
3.68,312
4.3,67
3.4,238
3.9,222
4.08,452
3.93,298
3.96,341
4.08,233
4.03,352
4.03,256
3.73,393
4.03,752
4.05,436
4.42,392
3.62,455
4.28,230
4.31,480
4.33,12
3.5,748
3.99,272
3.64,320
4.13,263
3.93,388
4.14,400
4.25,184
3.48,292
3.91,780
4.19,312
4.29,563
4.39,204
3.68,242
4.55,1344
4.22,188
4.01,432
4.23,453
4.09,495
3.88,1264
4.19,251
3.87,370
3.98,545
4.28,190
3.36,266
3.77,454
3.99,530
4.29,136
3.82,1137
3.58,160
3.96,503
4.15,102
4.19,320
4.2,580
4.25,24
3.83,352
3.57,90
3.73,204
3.95,441
3.99,504
4.12,549
4.15,300
3.64,400
3.94,721
4.07,144
4.07,192
4.01,519
3.97,416
3.42,738
4.05,426
3.87,384
4.19,166
4.04,344
3.66,336
4.02,363
3.89,181
3.74,464
3.66,350
3.94,341
4.29,416
3.58,336
4.69,176
4.07,213
4.38,210
4.36,231
4.13,688
3.92,440
4.04,564
4.19,264
3.78,194
3.89,464
4.21,499
4.35,486
4.2,815
3.71,394
4.42,208
3.8,318
4.45,168
3.42,432
4.53,218
4.1,528
4.37,656
4.23,197
4.15,243
4.18,784
3.83,354
4,64
3.95,242
3.9,289
4.35,1136
3.98,429
4.19,319
3.89,317
4.25,315
3.92,320
3.7,388
3.87,272
4.04,302
3.73,244
3.55,288
3.89,352
4.26,815
3.51,195
4.34,201
3.52,240
3.49,320
3.63,306
4.21,383
4.09,406
3.75,104
4.02,500
4.18,1024
4.09,256
4.19,404
3.94,691
3.82,128
4.04,425
3.69,465
3.72,400
3.3,656
4.02,992
4.05,352
3.85,224
3.98,220
4.58,565
4.18,358
4.27,160
4.08,528
4.27,351
4.56,636
3.71,649
3.94,416
3.88,237
3.99,400
3.91,407
3.92,400
4.18,217
4.13,373
4.17,240
3.8,224
4.11,441
4.18,272
4.25,492
4.43,432
3.98,330
3.74,389
3.54,144
3.86,273
3.87,342
4.43,211
4.39,215
4.04,288
4.42,544
3.92,376
3.85,340
3.85,304
3.79,311
3.57,233
3.46,546
4.21,320
3.64,625
3.7,279
3.94,152
3.85,566
3.53,374
3.63,304
3.87,387
3.75,336
4.19,176
3.84,306
4.2,288
3.97,224
3.65,253
3.71,408
3.97,681
4.27,384
4.04,302
4.07,363
3.79,397
3.82,310
3.71,224
3.97,304
3.83,398
4.24,362
4.11,288
3.8,283
3.8,308
3.93,704
3.92,368
4.35,580
4.08,201
3.89,384
3.96,546
4.09,292
4.1,192
4.23,136
4.03,240
4.08,209
3.78,136
4.03,379
3.91,494
4.01,304
3.82,32
4.12,481
3.77,304
3.8,208
3.55,277
3.89,439
3.72,416
4.07,310
3.99,384
4.12,596
3.76,408
3.72,326
3.76,307
4.2,496
3.82,371
4.26,201
4.12,310
4.2,48
4.06,239
3.33,368
3.89,368
4.15,332
3.88,528
3.71,59
4.29,339
4.56,192
3.78,345
3.92,448
4.05,838
3.88,272
3.8,548
3.97,416
3.78,371
3.65,314
3.92,238
4.29,412
3.88,415
3.31,243
3.55,240
3.82,343
3.32,291
3.18,125
3.69,371
3.74,351
4.09,375
4.3,176
3.76,677
3.36,272
4.07,414
4.11,317
4.06,446
4.1,800
3.88,366
3.86,372
3.85,570
3.91,303
3.88,225
4.02,600
3.74,527
3.94,320
3.88,320
3.8,264
3.97,392
3.96,359
3.99,404
3.76,640
4.14,164
4.2,832
3.78,439
4.25,272
4.09,270
4.25,703
3.28,289
4.03,395
3.82,433
3.69,544
4.12,323
3.97,479
3.9,144
3.88,448
3.62,288
3.93,320
3.9,884
4.27,256
4.06,1056
3.87,464
4.02,704
3.83,499
4.13,156
4.65,612
4.11,368
4.18,1139
3.93,496
4.27,273
4.09,143
4.11,176
3.99,367
3.88,528
4.34,208
3.85,341
4.12,814
3.94,404
4.18,271
4.03,448
3.76,206
3.98,496
4.22,384
4.72,176
4.02,434
3.76,257
3.93,321
3.53,304
3.78,391
4.17,367
3.97,400
4.16,704
3.99,256
3.74,247
4.11,126
3.79,248
4.26,352
3.78,336
4.07,432
3.96,640
3.86,462
4.06,451
4.1,560
3.94,463
4.14,240
3.66,192
4.18,361
3.77,297
3.52,336
4.1,336
4.26,240
3.87,287
4.52,192
3.81,307
3.78,348
3.76,336
3.99,272
3.85,384
3.84,586
3.91,342
4.24,125
4.11,302
4.18,256
3.85,320
3.91,832
3.78,303
3.86,144
3.85,374
3.93,210
4.04,458
4.21,392
4.04,280
3.82,448
4.02,880
3.9,535
3.68,340
3.79,507
4.2,400
3.96,420
4.28,644
3.99,972
4.12,211
3.76,0
3.93,325
4.01,464
3.77,512
4,374
4,160
3.97,366
4.15,346
3.88,324
3.96,326
3.96,256
4.18,130
4.35,400
3.88,308
4.02,537
4.31,732
3.77,252
3.78,32
3.84,489
3.9,143
3.93,640
4.29,341
3.83,214
4,319
4.21,598
4.05,143
4.08,200
4.04,352
4,352
3.9,144
3.96,399
4.14,140
4.06,188
3.39,718
3.73,381
3.71,258
3.87,310
3.97,512
4,344
3.68,168
4.04,560
4.07,142
4.04,588
4.05,64
4.18,575
4.21,264
3.75,196
4.01,265
3.83,460
4.04,405
4.21,193
4.24,158
4.05,354
3.98,184
3.87,147
4.24,640
4.11,188
4.02,675
3.97,608
4.41,144
4.16,192
3.94,178
3.99,259
4.17,400
4.39,133
3.77,328
3.94,891
4.05,749
3.78,176
4.08,265
3.83,830
4.02,413
4.45,384
3.67,733
3.57,336
2.82,340
3.77,326
4.54,1096
3.82,400
4.23,260
4.04,56
3.78,256
3.57,311
4.09,512
3.91,339
3.74,128
3.92,528
3.79,295
3.95,123
3.62,342
3.89,31
3.97,402
3.79,324
4.56,200
3.74,183
3.32,199
3.97,352
4.36,32
3.87,352
4.22,179
4.18,481
3.94,416
3.63,325
4.05,363
3.84,80
3.66,384
3.54,414
4.38,645
3.81,167
3.58,336
4.32,144
4.32,208
4.39,232
3.82,144
4.1,371
3.95,388
3.12,160
4.42,373
3.87,81
4.31,321
3.96,672
3.99,285
3.71,410
4.46,344
3.74,304
3.96,451
3.88,352
3.71,248
4.5,400
4.13,352
3.91,382
3.74,228
4.18,522
3.7,357
4.22,188
4.01,200
3.8,288
4.22,208
4.09,144
3.96,366
3.79,203
4.05,389
4.22,95
3.71,369
3.84,464
3.84,576
3.83,344
4.24,320
3.76,368
4.18,448
3.85,255
4.11,291
4.27,693
3.68,667
3.79,6
4.05,568
3.87,194
3.93,304
4.23,192
4.2,697
3.92,151
3.7,219
3.83,249
3.97,416
4.2,569
3.98,304
4.49,190
3.67,455
3.94,160
4.27,323
4.38,646
4.23,800
4.19,432
4.05,423
4.27,784
3.75,224
3.71,1041
3.82,255
3.95,336
4.15,240
3.88,277
3.67,234
3.68,248
3.79,356
4.12,435
3.83,352
4.45,1270
3.92,241
3.88,368
4.17,222
4.09,450
4.21,224
3.99,480
4.21,256
3.95,333
4.14,418
3.99,288
3.89,832
4.21,592
4.02,442
3.6,650
3.87,473
3.96,275
3.82,434
3.95,589
4.08,480
4.02,400
3.63,66
3.92,384
3.7,445
3.95,400
4.05,870
3.58,350
4.4,240
3.75,380
3.61,339
4.13,562
3.51,176
4.57,192
3.92,602
3.65,244
4.08,577
3.54,276
4.48,243
3.88,398
4.43,32
3.82,282
4.04,380
4.41,144
4.03,525
3.79,320
4,242
3.24,176
4.09,848
3.98,194
3.83,344
3.88,448
4.15,368
4.05,247
4.02,672
3.79,187
3.96,485
4.51,1344
4,336
4.03,428
3.99,68
3.77,252
3.97,301
4.04,642
4.02,272
3.78,9
3.98,306
3.99,400
4.03,288
3.54,212
3.87,208
4.05,385
3.93,644
3.87,472
4.26,400
3.41,128
4.09,483
4.09,441
4.23,464
4.17,268
3.36,304
3.93,404
4.03,481
3.89,245
3.91,552
3.82,368
4.04,192
4.01,240
3.36,320
3.99,724
4.19,438
4.27,320
3.92,343
3.82,532
3.91,364
4.19,239
3.99,389
3.93,393
3.56,208
3.65,524
4.09,160
4.02,412
3.66,352
4.19,152
3.86,1236
4.55,200
3.98,357
3.84,595
3.83,367
4.32,337
3.8,368
3.98,640
4.2,491
3.89,326
3.61,259
3.68,272
4.24,1344
3.55,304
3.81,383
4.03,342
3.6,228
3.8,232
4.07,329
3.95,418
3.78,416
4,349
4.1,718
4.47,548
3.95,624
4.12,704
4.24,280
3.76,592
3.69,422
4.27,323
3.86,778
3.91,422
4.34,104
3.35,272
3.84,212
3.91,928
4.25,347
3.82,329
4.2,431
3.93,434
4.12,140
4.13,270
3.58,256
4.06,336
3.91,351
3.85,342
4.38,208
3.5,304
4.27,9
3.93,290
3.85,497
4.44,144
3.85,355
3.98,403
4.19,544
4.51,144
4.02,459
3.21,246
3.91,468
3.87,434
4.04,384
3.76,208
3.58,352
3.94,262
3.84,384
4.11,410
4.29,490
4.18,624
3.8,246
3.89,410
4.07,198
3.98,160
4.15,272
3.48,387
3.89,448
3.95,432
4.45,260
4.02,448
3.86,639
3.86,592
3.77,347
3.86,326
3.41,289
3.68,234
4.1,364
3.56,207
4.09,417
4.58,200
4.17,884
3.84,416
3.92,223
4.15,811
3.89,320
4.24,48
4,240
3.82,73
4.47,140
4.12,352
4.04,784
4.24,320
3.78,245
3.73,162
4.25,1462
4.18,339
3.62,261
3.93,272
3.64,256
3.79,291
3.99,528
4.27,192
3.6,331
3.92,429
4.21,320
3.91,216
3.72,150
4.1,384
3.68,287
3.88,341
3.59,160
3.6,282
3.85,322
4.41,358
4.06,394
3.67,628
3.72,210
4.42,856
3.66,156
4.18,608
4.16,592
3.68,480
3.96,368
4.08,570
3.73,796
4.02,321
3.67,249
3.85,288
4.42,992
3.62,196
3.97,228
3.93,432
3.62,624
4.16,191
4.3,1104
4.06,224
3.8,662
4.05,803
3.78,528
3.92,404
4.22,358
3.16,347
3.86,432
4.3,379
3.67,96
4.21,480
3.67,252
3.98,408
4.54,223
3.92,296
3.79,576
3.8,496
4.32,411
4.11,458
3.92,248
4.03,240
4.05,322
4.02,352
4.07,202
3.66,190
3.57,67
3.86,6
3.73,763
3.64,317
4,212
4.12,868
3.54,351
3.98,1312
3.78,347
3.9,441
4.24,462
3.95,288
3.92,576
4,319
3.72,632
3.74,281
4.35,1838
3.75,79
3.68,272
3.94,218
4.1,203
4.18,576
4.29,288
3.61,304
4.15,320
3.98,342
3.78,288
4.4,32
4.03,206
4.08,224
3.9,527
4.09,416
4.19,84
4.1,456
4.16,64
4.11,32
3.9,496
3.86,111
4.05,592
4.16,408
4.08,288
4.28,355
3.77,368
4.15,983
3.77,400
3.93,542
4.23,216
3.49,285
4.11,193
4.57,192
4.29,278
4.11,488
4.6,200
4.05,68
4.1,464
3.87,335
4.17,58
4.16,506
4.01,264
3.9,661
3.86,304
4.36,208
4.21,103
3.92,256
4.17,312
4.1,187
4.24,152
3.87,32
3.3,304
3.85,234
3.94,329
3.86,560
4.44,342
4.07,330
3.5,6
3.63,231
3.68,569
4.03,697
4.09,240
3.95,224
3.8,338
3.6,189
3.87,116
4.36,208
4.05,313
3.99,394
3.92,1186
4.07,416
4.06,603
3.86,288
4.15,400
3.97,292
3.93,560
3.73,310
4.22,40
3.59,164
3.79,388
3.66,265
3.83,304
4.07,293
4.59,192
4.09,701
4.02,274
4.17,180
3.96,335
3.91,400
4.03,336
4.02,276
3.75,240
3.43,352
4.28,320
4.12,272
3.86,84
3.65,272
3.95,336
3.68,236
3.85,192
3.64,494
4.19,320
4.05,905
3.99,277
3.51,176
4.18,350
3.79,268
3.72,222
4.04,597
4.04,126
4.42,345
3.82,438
4.14,296
3.85,375
4.12,590
4.15,694
3.98,192
3.9,304
4.17,880
3.93,365
3.58,263
3.71,377
3.5,282
3.86,210
3.58,512
3.63,255
3.8,363
3.35,480
4.02,512
4.34,120
4.12,352
4.32,224
3.86,320
4.14,560
3.95,208
3.59,240
3.89,208
4.44,137
4.43,346
3.81,744
3.77,271
4.14,224
4.25,40
3.97,611
4.05,452
3.7,368
4.06,448
4.04,192
3.92,298
4.07,773
4.19,560
4.05,400
3.89,246
3.7,128
3.85,463
3.4,198
3.75,512
4.47,192
3.99,306
3.98,450
4.02,256
3.83,801
4.12,421
4.05,716
3.98,356
4.26,100
4.34,933
3.98,257
4.3,496
4.17,1480
4.32,304
4.42,273
4.07,849
3.81,271
3.82,358
4.06,373
3.91,306
3.59,192
3.68,224
3.44,149
4.05,575
4.15,604
3.98,366
3.87,769
3.77,297
3.88,490
4.17,688
3.97,118
3.72,148
3.67,277
4.17,373
3.87,368
4.18,295
4.22,272
4.08,535
4.1,40
3.82,288
4.18,192
3.98,506
4.3,118
4.08,361
4.34,208
4.09,289
3.75,276
3.82,196
4.25,64
3.95,225
4.18,1327
3.83,362
3.34,337
3.95,605
4.24,1072
3.8,352
4.25,201
4.11,32
4.03,370
4.16,224
4.32,227
4.02,230
4.59,192
4.01,320
4.14,80
3.84,307
4.14,358
4.01,371
4.06,144
4.12,373
3.75,224
4.21,360
3.77,505
4.24,352
4.28,160
3.83,275
3.74,350
3.97,561
3.88,828
3.55,582
3.91,610
3.84,416
4,399
4.6,192
4.19,534
3.68,255
3.75,373
3.86,386
3.59,448
3.92,261
4.05,420
4.24,240
3.96,416
4.27,127
3.76,352
4,476
3.67,342
3.88,256
4.07,255
4.36,480
3.72,384
4.21,564
3.84,109
3.69,780
4.21,672
3.95,256
4.17,168
4.11,304
3.83,339
3.56,200
4.15,480
3.86,693
4.33,208
3.44,55
4.12,84
4.07,430
4.06,98
3.93,347
3.79,318
4.28,1144
3.96,212
4.04,304
4.24,301
3.24,128
3.8,125
3.92,748
4.2,341
4.24,48
4.16,208
3.65,169
3.91,504
3.61,292
3.77,352
3.91,255
3.86,280
3.86,256
3.38,451
4.23,622
3.95,400
4.39,483
3.89,165
4.13,424
4.03,434
4.29,914
3.96,464
4.25,111
4.28,208
4.07,288
4.12,368
3.95,384
4.45,320
3.86,487
3.46,161
3.85,451
4.33,400
4.02,529
3.81,80
4.01,480
3.82,144
4.29,211
3.6,311
4.32,640
4.03,208
4.21,564
4.4,272
4.18,32
4.14,384
3.72,352
3.99,1110
4.06,515
3.97,256
3.96,163
3.71,368
3.84,342
3.87,144
3.93,688
4.14,320
3.92,208
3.99,324
3.77,240
3.88,287
4.34,208
4.07,327
3.73,143
3.94,96
4.01,608
3.8,96
4.27,250
4.05,304
3.76,148
3.74,352
4.28,512
3.32,640
3.79,272
4.07,312
3.64,264
3.91,120
4.16,128
4.03,496
3.91,511
4.26,520
3.95,256
3.29,272
4.28,32
3.23,145
4.09,56
4.05,112
3.56,560
3.94,321
3.7,286
4.06,288
3.92,395
3.8,151
4.06,157
3.98,565
4.16,336
3.82,192
4.09,40
3.88,192
4,254
4.05,272
3.7,278
4.21,321
3.8,432
3.94,242
3.74,124
4.02,672
3.86,200
4.09,336
4.17,168
3.96,160
3.68,344
3.81,328
4.15,478
3.88,218
3.72,352
3.46,482
3.68,393
4.01,448
4.1,377
3.92,132
4.16,656
3.79,160
3.97,320
4.06,200
4.17,640
3.74,352
3.9,150
4.03,120
4.05,476
4.19,352
4.36,208
4.24,208
4.09,337
3.97,224
3.85,73
4.39,120
3.91,466
3.85,291
3.56,344
3.32,206
3.3,241
4.42,352
3.7,256
3.71,211
3.98,464
3.75,160
4.25,48
3.96,180
4.06,462
4,451
4.12,224
3.89,448
3.88,219
4.19,346
3.98,272
3.68,77
4.23,387
4.04,768
3.6,371
4.35,208
3.89,480
3.9,288
4.33,261
3.71,398
3.85,232
4.16,384
4.17,240
3.92,4
3.55,190
4.11,288
4.03,413
4.27,501
4.13,480
3.92,432
4.32,1036
4.15,563
4.03,272
3.92,346
3.77,528
3.54,290
3.52,576
4.23,127
4.11,1099
3.94,437
3.76,352
3.42,224
3.81,320
3.79,384
3.65,294
4.06,240
3.88,268
4.06,476
4.02,352
4.35,40
3.89,228
3.67,288
4.24,431
4.06,624
3.9,288
4.03,160
3.9,656
4.18,476
4.08,224
4.1,352
4.01,560
4.04,310
3.94,496
3.34,181
4.36,304
4.03,400
3.82,181
3.39,297
4.07,357
4.37,928
3.79,314
3.93,916
3.78,336
3.72,262
3.93,403
3.83,245
3.8,160
4.16,195
4.1,231
4.1,357
3.81,328
3.84,505
3.88,267
4.36,216
4.29,128
4.09,756
3.63,156
4.05,144
4.36,189
4.32,448
3.35,184
3.98,172
3.8,244
4.3,685
3.82,428
3.63,200
4.48,576
3.96,307
3.85,390
4.34,144
4.01,36
4.36,206
3.97,512
3.78,124
3.6,112
3.71,464
3.97,496
3.89,560
4.09,304
3.9,181
3.75,344
4.31,200
3.53,432
4.04,628
3.89,128
4,408
4.34,160
3.77,480
3.59,448
3.77,328
4.06,546
3.55,272
4.34,208
4.07,502
3.83,194
3.99,306
4.28,688
4.18,492
4.27,288
3.89,572
3.99,186
3.9,240
3.85,408
4.11,343
3.87,538
3.73,386
4.03,288
3.94,320
3.96,304
4.28,848
4.11,576
4.06,448
3.64,256
4.22,448
3.82,400
4.28,160
3.84,370
4.24,263
3.78,520
4.4,464
3.97,464
3.9,388
3.93,480
3.59,432
4.39,24
3.89,162
4.01,544
3.88,166
4.36,216
3.95,256
4.01,688
3.73,301
4.49,893
4.12,241
3.82,1231
3.85,368
4.28,196
4.04,355
3.59,464
4.09,294
4.01,576
3.68,224
3.63,281
3.83,256
3.85,320
4.02,268
3.91,587
3.33,272
4.1,192
3.44,286
3.85,127
3.99,438
4.04,160
4.35,312
4,176
3.98,519
3.54,160
3.25,341
3.4,241
3.89,416
4.14,345
4.31,438
3.84,288
4.34,624
4.11,293
3.92,8
3.72,351
4.15,387
4.08,518
4.36,528
3.97,320
3.97,288
4.08,192
4.26,272
3.89,253
4.25,943
3.71,288
4.14,416
3.33,248
3.55,307
3.73,208
2.4,305
3.78,419
3.64,320
4.37,144
3.92,495
4.26,284
4.17,321
4.1,432
4.3,58
3.99,159
4.36,624
4.4,576
3.57,206
4.14,193
4.12,261
3.91,406
3.78,352
4.35,281
4.25,352
4.22,560
3.78,480
4.16,284
4.15,112
3.45,368
4.12,512
4.01,40
4.19,352
4.07,232
3.72,270
4.13,1085
3.82,326
3.97,208
3.44,142
4.18,512
4.04,277
3.71,342
4.53,32
4.21,246
4.14,325
3.89,336
3.76,304
3.8,281
4.22,32
3.9,276
4.19,58
3.72,544
4.14,398
4.38,482
3.97,96
3.86,528
4.37,216
4.41,912
3.7,130
4.21,496
4.05,373
4.46,200
4.01,444
3.83,0
4.09,496
3.64,320
3.77,300
4.24,393
3.77,342
3.77,279
4.07,812
4.1,304
4.17,233
4.57,602
4.29,290
4.14,128
4.15,544
3.55,120
3.83,553
3.92,240
4.21,48
4.02,326
3.7,159
3.79,320
3.7,205
4.26,157
4.04,288
4.35,304
4.25,384
3.71,304
4.14,254
3.81,268
3.99,323
3.91,372
3.99,480
4.19,640
4,224
4.46,240
4.04,479
4.08,384
4.09,236
3.99,371
3.81,323
4.01,496
3.38,336
4.15,304
4.18,336
3.97,277
3.81,175
3.87,940
4.16,384
3.87,192
4.04,640
3.73,338
4.18,401
4.13,352
3.85,206
3.79,176
4.22,215
4.03,352
3.95,291
3.89,215
4.39,400
3.71,736
3.62,676
3.84,240
4.3,400
4.28,240
3.92,352
4.39,1152
3.87,215
3.84,304
3.98,384
3.85,544
3.85,416
3.57,216
4.06,784
4.13,544
4.06,446
3.97,288
4.05,624
4.26,160
3.93,400
3.9,372
3.85,199
3.41,261
4.34,816
4.17,320
3.69,128
4.37,164
3.94,608
3.48,204
3.83,202
3.96,344
3.8,337
3.8,448
3.85,286
4.13,268
3.64,320
4.22,636
3.99,214
4.05,176
4.04,240
4,729
3.21,360
3.88,426
3.84,96
4.14,512
3.87,227
3.46,263
3.83,188
4.12,281
3.8,544
3.4,195
3.68,312
4.05,320
4.13,288
3.82,372
4.14,321
4.1,408
4.23,420
3.68,640
3.93,672
3.83,336
3.88,304
4.2,287
4.03,272
3.99,251
3.78,160
3.52,308
4.15,502
4.41,98
4.02,650
3.98,207
3.95,192
3.71,192
4.07,304
3.75,288
3.72,161
4.13,304
3.25,308
3.76,830
3.85,230
4.14,564
3.88,296
3.58,246
4.03,546
4.26,272
4.15,96
4.05,384
3.68,480
3.98,234
3.89,288
4.05,154
4.03,530
3.66,288
4.44,1040
4.31,336
3.88,640
3.89,80
3.91,299
3.76,352
4.06,64
3.95,320
4.08,176
4.02,320
4.15,617
4.17,40
3.34,420
4.01,272
3.71,176
4.51,72
3.66,388
4.23,784
4.07,398
3.98,176
3.45,320
4.25,151
3.69,368
3.67,212
4.03,221
4.1,234
4.06,292
3.9,200
3.83,436
3.41,259
3.62,661
3.58,336
4.02,272
4.05,360
3.86,303
4.11,157
4.06,137
4.19,268
3.13,149
3.75,460
3.87,288
4.3,680
3.76,224
4.01,390
3.52,261
4,320
4.43,576
4.22,472
3.66,370
3.92,518
3.66,283
4.15,72
3.81,209
4.25,400
4.35,416
4.08,64
3.73,176
4.24,256
3.99,288
3.58,128
4.05,324
4.25,705
4.1,352
4.05,160
4.41,432
4.03,518
3.79,161
4.14,327
3.94,320
4.08,301
4.3,619
4.13,64
3.51,242
3.9,253
3.84,65
4.02,103
3.7,256
3.77,151
3.83,445
2.86,272
3.91,401
4.06,284
3.41,304
4.1,160
4.27,560
4.07,336
3.79,128
4.29,1110
3.88,324
4.12,160
4.19,240
3.72,209
4.09,588
3.93,277
3.93,229
3.89,228
4.2,371
4.06,447
4.01,253
3.92,320
4.45,128
3.89,464
3.97,400
4,279
4.06,368
3.92,184
3.6,208
4.02,384
4,368
3.87,409
4.06,288
3.77,542
3.99,251
3.81,230
4.29,2480
3.84,96
4.11,497
4,256
4.22,603
4.16,40
3.7,382
4.31,260
4.7,2198
4.04,368
4.15,72
3.51,210
4.09,256
4.2,256
3.95,281
4.29,966
4.14,343
3.98,356
4.39,928
4.15,200
3.93,256
4.2,256
3.76,366
4.02,239
4.1,560
4.16,144
3.87,308
3.78,209
4.15,162
4.17,144
3.33,290
3.42,340
4.3,572
4.13,120
3.98,276
3.75,196
4.21,232
3.94,300
4.15,356
3.98,357
4.13,64
4.01,32
3.64,372
4.28,192
3.9,320
4.15,380
3.87,404
3.83,356
3.6,256
3.93,320
3.76,352
4.07,304
3.81,384
3.78,346
3.5,254
4.04,711
4.35,249
3.48,368
3.97,375
3.99,174
3.48,248
3.75,364
3.52,528
4.25,438
4.2,320
3.93,192
3.94,116
3.76,307
3.88,329
4.03,551
4.05,352
4.32,560
4.13,288
4.1,430
3.85,160
3.51,344
4.29,13
4.37,601
3.75,594
4.1,216
3.84,124
4.01,671
3.72,157
3.62,254
3.68,400
4.12,464
4.03,249
3.75,320
4.01,310
3.94,402
3.77,332
4.08,160
4.17,104
3.77,660
3.74,201
4.3,366
4.07,368
4.17,1232
3.85,350
4.04,320
3.94,320
3.77,170
2.81,225
4.24,224
4.1,176
3.62,336
3.49,357
4.11,592
3.99,352
3.86,150
3.95,241
3.9,225
3.85,165
3.39,306
4.02,305
4.02,384
3.69,237
3.95,718
4.09,112
3.91,336
3.76,340
4.17,346
4.17,294
3.68,400
4.08,784
4.02,419
4.01,384
4.16,160
3.89,240
3.87,213
3.37,288
3.58,225
3.88,288
4.05,320
4.06,288
4.15,327
3.76,259
4.24,110
4.27,256
3.76,222
3.68,160
4.16,240
3.64,320
3.6,310
4,367
4.35,400
4.22,76
3.89,384
4.42,54
3.87,406
3.98,93
4.08,256
4.09,368
3.88,96
3.6,352
3.82,167
3.95,272
4.33,416
4.09,256
3.79,176
3.9,199
4.39,544
4.36,88
3.91,373
4.12,160
4.12,412
3.96,176
3.43,454
4.37,64
3.73,204
3.9,330
4.36,704
3.5,760
4.11,288
3.64,96
3.9,261
3.47,224
3.79,512
4.32,10
4.11,391
3.75,817
4.45,657
3.95,376
3.98,285
3.33,384
3.84,756
3.91,312
3.93,98
3.89,353
4.09,352
3.92,322
4.38,815
4.13,240
3.93,384
3.12,528
3.67,327
4.1,260
3.91,758
3.79,176
4.71,96
4.29,1238
4.54,132
3.57,154
3.7,230
2.88,320
3.94,344
4.41,0
3.92,134
4.3,192
4.04,320
3.67,148
4.18,128
4.29,627
4.24,808
3.95,388
3.94,647
4.13,196
3.83,204
3.25,346
3.85,96
3.73,304
3.94,112
3.93,174
4.26,368
3.64,255
3.87,240
4.4,170
3.96,320
3.52,245
3.63,793
3.87,313
4.14,336
3.85,248
4.53,16
4.08,216
4.05,456
3.83,183
4.05,320
4.3,224
3.55,464
3.83,335
2.86,320
3.88,340
4.21,40
4.07,316
4.24,288
3.88,341
3.9,320
3.17,320
3.83,239
3.99,342
3.86,384
4.39,154
4.33,214
3.95,848
4.25,491
4.21,174
4.08,230
3.86,240
3.96,432
3.99,341
3.98,240
3.68,349
3.98,192
3.85,400
3.79,264
3.64,344
4.14,464
4.02,352
4.07,560
3.93,240
3.91,276
4.07,458
4.45,201
3.71,160
3.84,288
3.85,176
3.9,448
4.03,216
4.06,672
4.01,192
4.07,378
4.15,157
3.9,140
3.72,211
3.79,288
4.17,1392
4.03,304
4.13,508
3.84,320
3.8,397
3.69,154
3.67,392
3.8,126
4.15,256
3.91,304
3.99,372
3.94,301
3.65,421
4.3,193
3.71,585
4.18,294
4.46,1313
4.2,288
4.26,355
4.14,507
3.57,309
4.24,752
3.61,192
4.21,228
3.47,226
3.89,64
3.93,470
3.81,360
4.54,1256
3.83,227
3.77,288
3.73,416
3.99,144
3.74,192
4.1,208
3.87,160
3.59,208
3.9,272
3.72,448
3.28,256
3.79,198
3.84,557
3.6,592
3.63,307
4.01,480
3.81,336
4.19,336
4.07,343
3.81,400
4.1,316
3.69,449
3.97,336
4.05,325
3.84,495
3.9,485
3.48,391
4.14,752
4.36,347
3.93,169
3.32,385
4.35,557
4.08,178
3.75,268
4,288
3.73,256
3.83,304
4.07,1075
4.11,862
3.92,416
3.8,272
4.06,364
3.94,378
4.27,277
3.48,223
4.1,220
4.2,144
4.03,192
3.71,220
3.87,56
3.99,421
3.88,224
4.18,304
3.91,336
3.79,80
4.22,293
4.21,508
3.69,110
4.14,232
4.08,144
3.87,240
3.83,304
4.2,40
3.86,320
4,300
4.38,352
4.16,205
3.28,191
3.82,417
4.39,557
3.84,239
3.5,208
4.15,424
4.17,224
3.79,166
4.17,317
4.23,416
4.34,192
4.04,564
3.85,308
4.32,352
3.9,279
4.56,480
3.98,315
3.9,316
3.96,200
3.76,460
4.26,414
4.21,64
4.46,462
4.07,895
4.33,1064
4.21,272
3.35,230
4.34,720
4.22,180
3.77,400
3.96,480
4.06,664
3.84,403
3.84,224
4.16,912
4.14,711
3.97,128
3.64,339
3.93,239
3.96,288
4.13,224
3.7,210
3.89,104
3.93,480
4.06,288
3.81,320
3.49,215
4.27,1248
4.11,352
3.8,527
3.94,352
3.25,224
3.73,140
3.74,208
4,292
3.8,512
3.74,176
3.95,320
3.94,76
4.28,184
3.87,338
3.94,313
3.81,423
3.73,340
4.31,87
3.54,393
4.05,448
4.04,522
3.83,420
3.54,44
4.02,288
3.41,336
4.36,165
3.63,368
3.95,617
4.08,100
3.8,214
3.68,308
4.12,216
4.07,438
3.81,384
4.11,464
3.79,368
3.96,354
4.02,745
4.13,284
3.89,179
4.15,416
3.75,256
4.27,194
4.01,624
3.8,368
4.14,167
4.31,1016
4.11,384
4.15,358
4.17,336
3.97,430
4.09,216
3.84,274
3.6,193
3.84,198
4.16,70
3.59,256
3.78,544
3.81,239
4.28,457
3.6,80
3.28,396
3.8,272
4.14,720
4.13,321
3.99,325
3.71,446
3.51,315
4.05,145
3.55,227
3.49,256
4.23,1096
3.9,510
4.41,784
3.35,314
3.95,288
3.92,464
4.01,675
3.96,214
3.95,224
3.91,352
4.31,1024
3.93,380
3.95,485
3.62,384
4.18,480
3.82,3
4,304
3.73,160
4.02,339
3.38,240
4.05,837
3.94,191
4.3,669
3.93,334
4.27,420
4.14,336
3.87,569
3.56,224
4.38,815
4.51,256
4.05,508
3.7,404
3.77,444
3.78,384
3.82,288
4.01,88
4,274
3.87,440
4.15,351
3.93,211
3.89,348
3.89,303
3.86,240
4.08,336
4,344
3.6,384
3.78,542
3.53,409
3.52,240
3.94,240
3.87,408
3.69,1
3.84,189
3.94,312
3.86,328
3.92,530
4.04,64
4.04,384
4.01,424
3.93,210
3.83,100
3.82,191
4.26,893
4.2,294
4.06,336
3.95,512
4.22,216
3.86,368
4.07,286
3.92,401
4.31,108
4.01,208
3.84,423
4.23,205
4.19,240
4.02,468
3.84,522
4.57,240
4.03,328
3.6,400
4.12,208
4.05,412
4.02,570
4.17,206
3.96,288
4.02,158
3.84,249
4.29,184
4.22,192
4.01,240
3.82,480
3.7,146
4.33,89
4.28,422
3.72,255
4.21,432
3.75,384
3.96,370
3.44,160
3.68,224
3.98,244
4.28,476
3.82,192
3.75,240
3.93,48
3.87,304
3.8,611
4.07,286
4.12,3020
4.14,565
4.11,732
3.91,188
3.54,400
4.28,183
4.23,304
3.76,288
3.86,306
4.06,104
3.86,354
4.26,320
4.18,633
3.96,253
3.39,430
3.53,432
3.87,352
3.93,416
3.96,233
3.83,292
3.78,234
3.76,432
3.59,384
4.24,736
3.89,416
4.17,1132
3.71,576
4.04,118
3.95,320
4.31,184
3.97,313
3.39,448
3.94,597
3.43,306
4.05,224
3.56,224
4.02,302
3.78,393
3.61,288
4.07,864
4.42,80
4.14,344
3.23,288
4.26,933
3.89,227
4.35,608
3.76,240
4.16,448
3.84,182
3.87,336
3.88,153
3.96,384
4.35,384
3.36,445
4.09,218
3.6,391
4.03,368
4.39,304
4.14,368
4.05,288
3.58,480
3.96,161
3.64,342
4.07,304
4.15,544
4.01,96
3.78,160
4.07,272
4.28,208
4.09,345
3.86,587
4.15,368
3.97,384
4.12,400
3.97,111
3.56,225
3.38,153
3.81,176
3.97,276
3.96,154
3.78,238
4.42,544
4.2,96
4.17,576
4.14,776
3.99,896
4.38,372
4.36,188
4.01,496
3.95,207
4.25,464
4.13,317
3.69,234
4.1,448
3.91,393
4.43,296
3.43,269
3.8,372
3.41,320
3.82,504
4.14,304
4.04,640
4.23,32
3.97,320
4.28,301
4.36,80
4.07,240
3.38,304
4.3,214
3.76,324
3.67,192
3.87,451
3.94,256
3.63,200
4.09,424
3.46,342
4.17,240
3.69,424
4.34,838
3.51,122
3.95,484
4.06,335
4.02,384
4.36,258
4.11,325
3.66,339
4.29,64
3.93,416
3.94,896
4.22,377
3.85,304
4.1,368
4.2,464
4.07,208
3.94,271
3.66,304
4.13,160
4.2,246
3.48,272
4.08,464
4.07,302
4.16,344
4.34,182
4.06,688
3.92,347
4,416
3.66,272
4.03,88
3.49,186
3.83,304
3.8,352
3.77,352
4.67,266
3.88,530
4.07,324
3.61,448
4.09,144
4.05,495
4.11,84
3.75,384
3.78,354
3.75,208
4.1,449
3.9,230
3.84,116
4.2,288
3.86,107
4.24,435
3.74,180
3.9,448
4.29,318
3.51,256
3.54,608
3.61,279
3.78,368
3.97,245
4.07,752
3.5,568
3.87,352
3.76,304
3.25,466
3.92,352
3.93,205
4.05,838
4.11,415
4.21,224
4.64,184
4.13,352
4.19,32
3.98,304
4.26,333
4.08,240
4.14,368
3.87,464
3.77,104
3.99,338
4.1,246
4.23,864
3.6,264
4.07,244
3.94,240
4.38,262
4.2,502
3.78,310
3.89,292
4.13,240
3.83,342
3.82,67
3.43,331
4.05,150
3.56,112
4.13,72
3.72,185
4.03,512
3.63,349
3.89,471
4.02,656
4.15,704
4.03,191
4,406
4.09,333
3.94,352
4.31,416
3.83,368
3.73,212
4.15,256
3.91,188
3.73,131
4.43,1757
4.08,400
4.11,199
3.62,256
4.11,150
4.23,304
3.84,160
3.96,231
3.14,477
3.48,208
4.21,252
3.72,400
4.13,356
3.84,352
3.77,144
3.59,320
3.76,368
4.31,352
4.12,322
3.85,192
4.16,672
4.03,231
3.94,236
4.35,681
4.26,64
2.86,120
3.78,304
4.04,128
3.86,384
3.6,272
3.44,224
3.83,80
3.91,288
3.86,80
3.44,308
3.93,205
3.68,183
4.11,352
3.82,373
3.7,307
3.64,360
3.99,288
4.24,32
3.79,320
4.22,288
3.78,672
3.89,352
3.92,302
3.89,432
3.98,358
3.87,352
4.03,268
3.79,208
4.34,135
3.99,383
4.08,416
3.94,401
4.3,288
4.24,354
3.99,576
3.82,221
4.35,242
4.01,496
3.9,560
3.82,288
3.64,320
3.86,139
3.92,400
3.92,462
3.8,359
3.7,240
3.65,256
4.17,395
3.97,208
4.53,907
3.83,192
3.99,144
3.59,320
3.74,370
3.66,224
3.89,384
3.79,336
4,400
4.33,334
4.04,96
3.94,368
3.82,96
4.24,1487
3.98,415
4,432
3.5,288
3.91,609
3.45,256
4.02,640
3.94,162
3.79,58
3.74,351
3.73,278
3.6,416
3.95,367
4.26,496
3.79,416
3.69,152
3.13,289
3.85,279
3.72,329
3.7,282
3.64,256
3.71,960
4.04,313
3.92,298
3.86,192
3.47,288
3.73,240
3.57,452
4.38,166
4.1,528
4.43,448
3.87,289
4.2,32
3.86,546
3.74,336
3.76,400
4.19,777
3.89,400
4.27,490
3.88,406
4.33,382
3.92,667
4.21,290
4.14,320
3.78,400
3.97,410
4.27,108
4.11,497
3.66,291
3.92,811
3.78,336
3.77,355
4.16,649
4.15,402
3.88,200
3.76,436
4.05,32
4.06,120
3.94,256
4.04,83
3.89,157
3.73,340
3.79,384
4.27,77
4.21,576
4.11,350
3.69,640
4.06,374
3.64,384
3.89,496
3.78,172
4.03,228
4.23,521
4.03,464
4.27,312
4.09,336
3.87,256
3.71,416
3.9,122
4.13,64
3.94,605
3.86,368
4.29,544
4.01,544
4.08,208
4.18,224
3.53,160
3.81,234
4.33,306
4.02,304
3.88,144
3.88,544
4.26,336
3.46,197
3.88,311
4.28,688
3.84,128
4.43,560
3.45,214
3.66,181
3.75,368
3.92,187
3.73,304
4.49,496
4.19,150
3.67,562
3.89,224
3.79,224
3.78,480
4.15,213
3.95,304
4.07,512
3.68,241
3.79,80
4.21,560
4.11,160
4.18,320
3.91,416
3.47,256
3.54,51
4.22,244
4.05,411
4.09,384
4.14,208
4.49,821
3.95,512
4.18,496
4.34,794
3.87,288
3.89,324
3.76,275
3.66,272
3.89,346
3.58,533
3.9,608
3.83,240
4.22,610
4.41,482
3.58,256
3.83,272
3.82,432
3.76,252
3.45,272
3.59,314
3.86,320
4.21,577
3.59,264
4.33,320
4.28,492
4.25,1011
4.17,405
4.14,436
4.28,288
3.78,400
4.08,320
3.82,394
4.09,248
3.96,464
3.51,336
4.38,830
3.9,722
3.76,186
3.69,230
4.27,306
3.98,327
3.89,335
3.86,240
4.36,160
4.02,288
3.99,240
4.59,134
3.99,300
3.78,281
4.26,103
4.24,188
3.94,213
4.16,288
3.96,165
4.02,240
3.83,142
3.91,280
4.13,218
3.93,369
3.53,256
3.65,400
3.99,288
3.91,288
4.03,442
3.64,368
3.69,136
4.24,381
3.77,155
4.21,151
3.67,340
4.39,957
3.86,462
3.41,241
4.21,40
4.01,288
3.68,368
3.82,590
3.96,224
3.96,64
4.61,151
3.96,315
4.18,291
3.85,322
4.18,288
4.08,256
4.03,208
4.23,608
3.59,309
3.96,304
3.87,752
4.39,152
3.5,672
3.93,581
4.35,448
3.46,188
4.13,224
4.42,612
3.95,144
3.8,399
3.65,361
3.92,224
4.25,512
4.24,192
3.82,396
4.48,701
3.94,203
4.12,272
4.19,383
3.65,510
4.31,861
4.38,864
4.11,140
4.05,335
4.34,515
4.17,272
3.77,288
3.72,141
3.44,224
3.73,220
4.06,752
3.97,216
3.81,208
3.63,270
3.67,352
3.99,96
3.95,262
3.82,161
3.8,72
4.19,268
3.42,208
3.76,167
4.28,350
3.26,432
4.25,631
3.88,304
4.26,666
4.28,640
3.88,176
3.54,240
4.07,200
4.02,227
4.15,426
3.9,132
4.04,400
3.56,0
3.64,272
4.26,392
3.72,397
4.13,160
4.11,288
3.77,320
3.57,436
3.68,361
4.07,816
3.72,244
3.98,757
4,191
4.2,524
3.95,358
4.29,366
4.11,512
3.77,240
4.24,195
3.65,432
4.31,304
3.75,112
3.91,455
4.49,1296
4.12,675
4.07,152
3.75,249
4.08,164
4.04,368
3.76,368
3.99,400
3.84,252
4.06,720
4.04,304
3.93,240
3.9,224
3.49,352
4.18,164
3.93,244
4.16,672
4.41,389
3.99,288
4.62,159
4.03,288
3.97,226
4.18,372
3.79,368
3.73,308
4.05,227
4.08,32
4.09,496
4.25,186
4.39,328
3.87,191
3.93,144
3.9,276
3.71,304
4.38,285
4.11,288
4.05,192
3.6,368
3.97,167
3.91,133
3.84,208
3.94,288
3.64,260
3.59,288
3.9,713
3.83,124
3.47,275
3.33,208
3.55,268
3.53,320
3.38,368
4,330
3.81,336
3.37,303
3.8,461
4.26,96
3.97,394
3.89,256
3.65,496
3.86,243
3.98,342
4.13,281
4.05,512
3.87,592
3.45,288
3.8,284
3.87,341
4.1,413
4.06,337
4.26,230
4.2,578
4.01,128
3.92,228
3.87,448
3.67,311
4.25,608
3.89,286
4.01,1056
3.85,384
3.54,191
4.61,223
4.16,224
3.76,278
3.76,515
3.98,503
3.5,256
4.5,1184
4.11,208
3.81,144
3.62,231
3.83,46
3.49,208
3.71,208
4.24,288
4.03,32
3.94,487
3.07,224
4.41,184
4.11,397
4,272
3.97,564
3.97,768
3.56,230
3.5,94
3.96,272
4.08,256
3.46,415
4.16,85
3.99,449
3.68,161
4.07,1160
3.94,192
3.9,336
3.89,352
3.89,320
3.99,111
3.99,229
3.67,192
4.14,224
4.32,1013
3.84,433
4.14,199
3.91,352
4.24,1
4.37,624
3.48,396
3.79,299
4.04,309
4.02,148
4.33,160
4.3,416
3.58,480
3.9,384
4.08,352
4.27,576
3.98,492
3.66,388
4.06,32
4.53,508
4.19,128
3.64,320
3.96,256
3.95,248
4.26,392
3.93,144
4.05,91
3.82,368
3.66,256
4.23,1181
4.18,239
4.13,478
4.5,1216
3.9,261
3.94,688
3.95,224
3.64,268
3.91,532
3.81,384
3.78,399
3.63,149
3.44,272
4.07,448
4.34,385
4.03,270
3.98,575
3.9,352
3.83,336
3.94,308
3.09,571
4.24,32
4.38,192
4.24,256
4.09,288
4.09,328
3.81,336
4.08,424
3.88,385
3.84,212
4.17,294
3.62,232
3.8,363
3.92,253
4.09,160
4.38,592
3.68,512
4.21,649
4.1,288
4.17,472
4.02,438
3.94,240
3.96,496
3.86,192
4.03,828
3.59,240
3.62,176
4.09,304
4.01,384
3.87,224
3.85,343
3.97,528
4.2,464
3.92,216
3.59,240
4.5,1122
4.01,704
3.63,166
4.19,32
3.89,338
3.73,334
3.52,165
3.48,229
3.87,192
3.54,272
3.91,432
3.7,293
3.27,370
3.93,334
3.82,192
3.35,288
4.1,234
4.33,558
3.88,156
4.02,144
4.06,379
3.8,196
3.56,312
3.49,448
4.14,256
4.06,554
3.7,240
3.29,384
4.05,304
3.9,196
3.99,608
4.07,184
3.84,362
4.28,32
3.87,139
4.04,224
3.79,190
4.24,368
4.14,242
4.18,712
3.34,208
4.14,368
3.9,160
4.17,266
3.73,933
3.92,402
3.54,221
4.26,1520
3.95,256
3.98,832
3.64,192
4.23,192
3.96,320
3.91,224
3.67,286
4.27,208
4.12,364
4.05,224
4.02,211
4.29,336
3.92,827
3.87,293
3.82,96
4.01,232
4.61,869
3.93,291
3.56,434
4.45,4736
4.32,320
4.19,512
3.98,154
3.86,418
3.83,416
3.95,336
4.43,304
4.14,96
3.49,240
4.38,584
3.99,448
3.93,256
3.47,260
3.43,192
3.9,372
3.52,320
3.99,339
4.45,416
3.78,416
3.53,272
4.15,321
3.79,512
3.93,260
3.87,352
4.12,534
4.16,450
3.7,184
4.15,196
4.07,194
3.88,176
3.85,358
4.29,304
4.17,256
4.07,234
3.64,181
4.44,304
4.17,432
3.9,320
3.61,448
4.08,354
3.98,317
3.72,391
3.69,228
4.03,234
3.9,318
3.79,399
3.86,320
3.83,334
4.44,288
3.82,461
3.96,311
2.79,352
3.84,406
4.34,626
4.09,375
4.05,254
3.85,336
3.83,462
3.79,128
3.67,99
4.17,272
4.32,96
3.78,148
4.11,170
3.96,209
3.86,150
4.42,902
4.21,416
3.93,768
3.84,558
4.43,1397
3.98,55
3.85,240
3.94,224
4.06,304
3.56,400
4.18,371
4.17,112
3.92,346
3.73,237
3.75,81
4.2,673
3.99,149
3.56,69
3.62,295
4.16,192
3.56,400
4.42,32
3.93,432
3.93,192
4.11,614
3.42,408
3.96,547
3.62,256
3.83,135
4.64,1878
4.09,69
3.13,288
4.01,153
4.2,197
3.7,144
3.97,267
4.06,276
4.06,416
3.99,416
3.81,480
3.72,371
3.92,416
3.63,308
3.55,304
3.83,480
4.03,752
4.07,536
4.09,400
4.25,607
4.23,400
4.18,348
4.13,184
3.85,203
4.06,616
4.21,282
3.95,342
3.81,224
3.97,32
3.96,176
4.09,271
4.05,132
3.72,432
3.78,176
4.4,265
3.96,240
4.08,236
4.08,158
4.45,352
4.02,320
3.4,400
4.45,352
4.22,318
4.17,132
4.15,32
3.8,224
4.28,292
4.18,301
3.73,234
3.96,160
3.78,128
3.96,96
3.87,352
3.65,352
4.27,203
4.04,272
3.42,101
3.92,204
3.47,265
4.26,272
3.84,256
4.09,268
4.11,300
3.91,369
3.43,256
4.2,624
4.19,368
4.1,464
4.01,244
3.91,336
3.82,400
4.04,414
4,239
3.78,132
4.05,320
4.13,234
3.91,306
3.97,198
3.87,496
3.84,409
4.28,496
4.23,208
3.87,358
3.81,128
4.7,6576
4.12,560
3.81,229
3.96,338
3.76,420
3.54,288
3.99,294
3.82,432
3.75,218
4.46,43
4.21,176
4.13,389
4.42,768
3.94,268
3.86,384
3.7,297
4.03,584
3.66,280
4.07,208
4.5,1199
4.36,506
3.91,320
4.18,268
4.17,48
3.77,157
3.48,384
4.06,70
3.87,384
3.6,104
3.67,240
4.22,505
4.04,188
3.6,313
4.03,32
3.92,224
3.91,672
3.64,258
4.05,318
3.9,375
3.56,528
4.17,311
3.85,512
3.75,319
4.37,358
3.85,464
4.02,288
3.98,216
4.04,273
3.99,463
3.91,372
3.74,272
3.75,425
4.43,24
4.04,368
4.37,421
4.22,192
3.86,327
4.07,187
3.89,380
4.04,288
4,200
3.9,219
3.67,237
3.85,298
3.62,386
4.26,140
4.08,358
4,326
4.26,715
4.17,136
3.63,484
3.77,384
4.05,302
3.93,230
4.16,272
3.81,168
4.32,356
4.24,48
4.13,79
3.96,218
4.26,403
4.12,496
4.07,325
3.99,496
3.98,336
3.74,363
3.68,336
3.91,371
3.49,304
4.29,230
3.94,281
3.57,55
3.89,400
4.22,6
3.9,592
3.77,542
4.17,351
3.89,425
4.03,471
3.5,707
4.13,646
3.87,320
3.87,68
3.86,578
4.03,416
4.31,260
4.1,371
3.86,303
3.71,160
4.01,160
4.35,328
4.42,512
4.04,783
3.78,652
3.81,250
4.41,32
4.08,160
3.82,304
3.74,326
4.14,304
4.1,1024
3.82,409
3.84,416
3.51,149
3.76,208
4.29,722
3.61,288
3.75,251
4.01,887
3.7,179
3.68,108
4.11,426
3.86,407
3.88,255
3.73,144
3.94,656
4.07,166
3.43,130
4.11,1412
4.11,576
3.84,240
3.88,336
3.88,442
4.06,203
3.67,360
4.22,352
3.51,139
3.71,464
3.68,312
3.68,352
3.67,176
3.86,432
4.19,352
4.16,416
4.57,768
4.44,384
4.08,559
3.79,384
4.11,635
3.79,400
3.78,336
3.26,517
4.38,208
3.83,320
4.19,128
3.31,212
3.44,300
4.21,422
4.13,144
4.53,362
3.73,276
4.19,534
3.67,122
3.96,640
3.7,400
3.53,336
4.14,400
3.82,304
4.15,288
4.1,464
3.89,528
4.07,312
3.86,893
3.84,432
4.11,368
3.75,304
4.1,192
3.96,288
3.83,306
3.52,372
3.93,339
3.84,384
3.65,416
4.36,898
4.21,320
4.2,32
4.04,534
3.93,111
3.82,288
4.17,228
3.9,214
4.11,240
3.89,448
4.16,448
3.93,736
3.72,406
3.41,192
3.32,279
3.46,292
3.88,257
3.55,263
4.06,664
3.88,1184
4.18,208
4.17,384
3.67,245
4.18,40
3.88,233
3.84,362
4.37,512
4.01,208
4.03,295
3.92,205
3.67,304
3.5,368
3.6,360
3.82,128
3.71,244
3.62,389
4.05,200
3.88,320
3.19,480
3.58,448
4.07,761
3.95,600
4.15,320
4.26,476
3.75,80
4.22,793
4.07,640
4.26,205
3.94,310
3.81,320
3.78,448
3.96,416
3.86,131
3.77,310
3.6,272
3.41,272
4.16,272
4.11,80
3.68,230
3.94,288
3.43,273
4.25,446
4.27,480
3.96,140
4.26,766
3.76,374
4.25,272
3.93,528
3.77,262
4.12,768
4.02,255
4.04,256
4.02,432
3.97,223
3.94,352
4.17,594
4,272
3.62,474
4.3,160
4.2,272
3.84,467
3.97,498
4.33,384
3.78,512
3.67,277
3.93,288
4.16,448
3.78,352
4.2,480
4.08,506
3.62,221
3.34,222
3.95,784
3.99,256
3.74,160
3.63,180
3.8,580
4.47,1076
4.11,365
4.08,496
4.29,604
4.11,288
4.02,132
3.49,64
4.3,288
3.95,328
3.7,630
4.11,200
3.93,512
4.25,240
3.8,384
4.01,280
4.16,268
3.77,304
4.11,692
3.9,192
3.76,227
4.18,132
4.11,447
3.79,180
3.62,240
3.46,159
4.33,272
3.93,367
4.08,468
4.03,192
4.32,720
4.08,229
4.32,743
3.94,400
3.88,237
3.86,356
3.76,106
3.96,211
3.78,272
3.76,272
3.48,288
3.4,179
4.02,63
3.99,208
3.71,336
4,529
4.16,288
3.65,440
3.84,336
4,396
4.23,641
4.05,119
4.03,48
3.96,128
3.39,289
3.39,208
4.08,256
3.7,371
4.24,573
4.24,24
3.68,291
4.34,672
3.48,286
3.94,240
4.04,336
4.01,320
3.89,200
3.84,185
3.77,384
4.27,209
3.98,221
4.06,192
3.98,455
3.65,224
4.19,483
4.13,304
3.98,256
3.86,574
3.33,144
3.7,193
3.45,304
3.44,136
4.09,182
3.96,112
3.89,256
3.81,384
3.9,128
3.49,489
4.37,352
3.19,186
3.98,336
4.23,576
4.15,151
3.91,288
3.81,280
4.3,314
4.06,512
4.02,405
3.94,240
3.82,103
4.33,121
3.75,291
3.36,64
4.01,360
4.01,368
3.72,608
3.76,370
3.86,320
4.4,749
4.2,1436
3.89,352
4.44,191
4.12,116
3.66,250
4.06,304
3.67,320
4,433
4.17,209
3.92,374
3.67,384
4.32,1072
4.06,384
3.5,625
4.23,491
4.11,474
3.33,204
3.86,446
3.96,40
3.89,272
3.46,728
4.45,288
4.09,320
4.02,168
4.24,590
4.27,207
3.87,399
3.62,275
4.05,232
3.82,224
4.45,191
4.02,305
3.97,518
3.91,399
4.39,32
4.06,688
3.53,288
3.71,231
3.49,368
4.01,224
3.94,144
4.42,403
3.98,344
